"Commodity","CutOffDate","PortId","LotsWithValCert","LotsNonTend","LotsSuspended"
"RC","05-Nov-2025","AMS","0","0","0"
"RC","05-Nov-2025","ANT","2556","20","0"
"RC","05-Nov-2025","BAR","19","0","0"
"RC","05-Nov-2025","BRE","0","0","0"
"RC","05-Nov-2025","FEL","400","0","0"
"RC","05-Nov-2025","GEN","0","0","0"
"RC","05-Nov-2025","HAM","0","0","0"
"RC","05-Nov-2025","LEH","0","0","0"
"RC","05-Nov-2025","LIV","0","0","0"
"RC","05-Nov-2025","LON","3052","2","0"
"RC","05-Nov-2025","NOR","2","0","0"
"RC","05-Nov-2025","ROT","0","0","0"
"RC","05-Nov-2025","TRI","1","0","0"
"GrandTotal","","","6030","22","0"